{"cameraMode":{"drawMode":0,"name":"Shaded","section":"Shading Mode"},"sceneLighting":false,"audioPlay":false,"sceneViewState":{"showFog":true,"showMaterialUpdate":false,"showSkybox":false,"showFlares":true,"showImageEffects":true,"showParticleSystems":true},"in2DMode":false,"pivot":{"x":0.6053986549377441,"y":6.040862083435059,"z":1.0939984321594239},"rotation":{"x":-0.18156997859477998,"y":0.7721636295318604,"z":-0.25315743684768679,"w":-0.5538221001625061},"size":8.090675354003907,"orthographic":false}